<?xml version="1.0"?>
<!DOCTYPE hibernate-mapping PUBLIC "-//Hibernate/Hibernate Mapping DTD 3.0//EN"
        "http://hibernate.org/dtd/hibernate-mapping-3.0.dtd">

<!-- Sql Server queries -->
<hibernate-mapping>
    <sql-query name="getColumnType">
        SELECT DATA_TYPE FROM INFORMATION_SCHEMA.COLUMNS WHERE TABLE_NAME = :tableName AND COLUMN_NAME = :columnName
    </sql-query>

    <sql-query name="getTableNames">
        SELECT TABLE_NAME FROM INFORMATION_SCHEMA.TABLES WHERE TABLE_TYPE='BASE TABLE' AND TABLE_CATALOG = :schemaName
    </sql-query>

    <sql-query name="getColumnsOfTable">
        SELECT COLUMN_NAME FROM INFORMATION_SCHEMA.COLUMNS WHERE TABLE_NAME = :tableName
    </sql-query>

    <sql-query name="createVarcharColumnFromBinary">
        ALTER TABLE :tableName ADD :newColumnName VARCHAR(max)
    </sql-query>

    <sql-query name="getIdAndColumn">
        SELECT :columnName FROM :tableName
    </sql-query>

    <sql-query name="saveConvertedText">
        UPDATE :tableName SET :columnName = ':convertedText' WHERE id=:id
    </sql-query>

    <sql-query name="dropOldColumn">
        ALTER TABLE :tableName DROP COLUMN :columnName
    </sql-query>

    <sql-query name="getIdColumnOfTable">
        SELECT Col.Column_Name from
        INFORMATION_SCHEMA.TABLE_CONSTRAINTS Tab,
        INFORMATION_SCHEMA.CONSTRAINT_COLUMN_USAGE Col
        WHERE
        Col.Constraint_Name = Tab.Constraint_Name
        AND Col.Table_Name = Tab.Table_Name
        AND Constraint_Type = 'PRIMARY KEY'
        AND Col.Table_Name = :tableName
    </sql-query>

</hibernate-mapping>