[
  {"regexp": "(?i)${TimeUtil.getFormattedDate($patient.getDateOfBirth(), 'dd/MM/yyyy')}", "placeHolder" : "DDDDD"},
  {"regexp": "(?i)${TimeUtil.getFormattedDate($patient.getDateOfBirth(), 'MM/dd/yyyy')}", "placeHolder" : "DDDDD"},
  {"regexp": "(?i)${TimeUtil.getFormattedDate($patient.getDateOfBirth(), 'dd-MM-yyyy')}", "placeHolder" : "DDDDD"},
  {"regexp": "(?i)${TimeUtil.getFormattedDate($patient.getDateOfBirth(), 'MM-dd-yyyy')}", "placeHolder" : "DDDDD"},
  {"regexp": "(?i)${TimeUtil.getFormattedDate($patient.getDateOfBirth(), 'MM/yyyy')}", "placeHolder" : "DDDDD"},
  {"regexp": "(?i)${TimeUtil.getFormattedDate($patient.getDateOfBirth(), 'yyyy/MM')}", "placeHolder" : "DDDDD"},
  {"regexp": "(?i)${TimeUtil.getFormattedDate($patient.getDateOfBirth(), 'dd.MM.yyyy')}", "placeHolder" : "DDDDD"},
  {"regexp": "(?i)${TimeUtil.getFormattedDate($patient.getDateOfBirth(), 'MM.dd.yyyy')}", "placeHolder" : "DDDDD"}
]
